{
  "proxy_base_url": "https://YOUR_PROXY_BASE",
  "services": {
    "ea_frame": {
      "allowed_fields": [
        "OBJECTID",
        "NAT_EA_SN",
        "STATE_NAME",
        "LGA_NAME",
        "WARD_NAME",
        "EA_NAME",
        "EA_ID",
        "URBAN_RURAL",
        "EST_POP"
      ],
      "overlay": {
        "style": "/tiles/ea_frame/style.json?key=CK_...",
        "tile": "/tiles/ea_frame/tile/{z}/{y}/{x}.pbf?key=CK_..."
      },
      "api": {
        "identify": "/v1/ea_frame/identify?lat={lat}&lon={lon}&max_results=3&key=CK_...",
        "query": "/v1/ea_frame/query?where={where}&outFields={outFields}&resultRecordCount=200&resultOffset=0&key=CK_..."
      }
    },
    "buildings": {
      "allowed_fields": [
        "OBJECTID",
        "BLD_ID",
        "NAT_EA_SN",
        "STATE_NAME",
        "LGA_NAME",
        "WARD_NAME",
        "EA_ID",
        "BLD_USE",
        "RES_STATUS"
      ],
      "overlay": {
        "style": "/tiles/buildings/style.json?key=CK_...",
        "tile": "/tiles/buildings/tile/{z}/{y}/{x}.pbf?key=CK_..."
      },
      "api": {
        "identify": "/v1/buildings/identify?lat={lat}&lon={lon}&max_results=3&key=CK_...",
        "query": "/v1/buildings/query?where={where}&outFields={outFields}&resultRecordCount=200&resultOffset=0&key=CK_..."
      }
    }
  }
}